matricule_camion;date_trans;kilometrage;type_camion;objectif_camion;capacite;heure_depart;jour_semaine;latitude;longitude;quantite_station;quantite_gps;conditions_meteo;weathercode_raw;type_trajet;city;zone;gouvernorat;delegation
9914 TU 215;2026-01-15T18:56:52.000Z;312;NPR;16;263.7600644;19;4;36.579828;10.492580;45.84;45.42;ensoleillé;0;autoroute;تركي;ville;ولاية نابل;معتمدية قرمبالية
966 TU 216;2026-01-15T16:56:24.000Z;388;NPR;16;478.6538462;17;4;35.722197;10.752540;40.30;58.85;nuageux;3;route_secondaire;الساحلين الشرقية;ville;ولاية المنستير;معتمدية الساحلين
8331 TU 215;2026-01-15T16:31:59.000Z;410;NPR;16;237.7567164;17;4;35.257067;10.652493;66.50;65.25;nuageux;3;autoroute;العيثة;ville;ولاية المهدية;معتمدية الجم
4601 TU 169;2026-01-15T14:00:11.000Z;577;NPR;16;249.5481728;15;4;33.685145;10.257012;85.64;86.69;peu nuageux;1;route_principale;الزركين;ville;ولاية قابس;معتمدية مارث
3278 TU 198;2026-01-15T13:31:07.000Z;174;NPR;16;534.4582245;14;4;33.347470;10.519960;35.92;37.49;ensoleillé;0;route_principale;مدنين;ville;ولاية مدنين;معتمدية مدنين االجنوبية
2767 TU 229;2026-01-15T13:18:00.000Z;933;NPR;16;164.6322055;14;4;36.579502;10.493510;75.57;70.12;nuageux;3;autoroute;تركي;ville;ولاية نابل;معتمدية قرمبالية
7024 TU 189;2026-01-15T13:11:17.000Z;444;NPR;16;153.7285442;14;4;35.626255;10.900370;83.12;82.24;nuageux;3;route_secondaire;مكنين;ville;ولاية المنستير;معتمدية المكنين
7903 TU 191;2026-01-15T12:29:33.000Z;693;IVC;27;46.93;13;4;35.257093;10.652413;181.36;177.84;peu nuageux;1;autoroute;العيثة;ville;ولاية المهدية;معتمدية الجم
9916 TU 215;2026-01-15T12:03:04.000Z;184;NPR;16;104.6408451;13;4;36.711793;10.180312;30.73;30.74;nuageux;3;route_principale;فوشانة;ville;ولاية بن عروس;معتمدية فوشانة
2486 TU 192;2026-01-15T11:52:06.000Z;285;NPR;16;439.8121212;12;4;35.962177;10.482068;50.38;50.93;nuageux;2;autoroute;سيدي بو علي;ville;ولاية سوسة;معتمدية سيدي بو علي
2816 TU 173;2026-01-15T11:39:06.000Z;478;NPR;16;206.156962;12;4;36.690907;10.508328;75.57;71.81;nuageux;3;route_secondaire;سليمان الجنوبية;ville;ولاية نابل;معتمدية سليمان
2156 TU 174;2026-01-15T10:44:48.000Z;475;NPR;16;123.6363636;11;4;36.711742;10.180333;65.49;62.28;nuageux;3;route_principale;فوشانة;ville;ولاية بن عروس;معتمدية فوشانة
8564 TU 232;2026-01-15T10:31:09.000Z;1845;NPR;16;213.3629243;11;4;36.728423;9.201840;57.43;59.06;nuageux;3;route_principale;سيدي فرج;ville;ولاية باجة;معتمدية باجة الجنوبية
2770 TU 229;2026-01-15T09:30:05.000Z;868;NPR;16;327.2623302;10;4;36.761242;10.175478;77.58;78.83;nuageux;2;route_principale;تونس;ville;ولاية تونس;inconnu
2374 TU 173;2026-01-15T09:25:22.000Z;433;NPR;16;72.05725191;10;4;36.332387;9.139277;62.97;60.57;nuageux;3;route_principale;الكريب;ville;ولاية سليانة;معتمدية الكريب
3278 TU 198;2026-01-15T09:10:20.000Z;389;NPR;16;534.4582245;10;4;33.495120;11.083168;68.01;68.47;nuageux;3;route_secondaire;حمادي;ville;ولاية مدنين;معتمدية جرجيس
2222 TU 173;2026-01-15T09:08:53.000Z;203;NPR;16;255.557377;10;4;36.579823;10.492570;34.76;36.44;nuageux;2;autoroute;تركي;ville;ولاية نابل;معتمدية قرمبالية
8331 TU 215;2026-01-15T09:06:57.000Z;378;NPR;16;237.7567164;10;4;33.495100;11.083240;62.97;58.63;nuageux;3;route_secondaire;حمادي;ville;ولاية مدنين;معتمدية جرجيس
6062 TU 197;2026-01-15T09:06:16.000Z;262;NPR;16;211.0556382;10;4;36.091953;9.371707;45.34;49.04;nuageux;3;route_secondaire;سليانة;ville;ولاية سليانة;معتمدية سليانة الشمالية
966 TU 216;2026-01-15T09:04:45.000Z;388;NPR;16;478.6538462;10;4;34.422492;8.766873;40.30;38.21;ensoleillé;0;route_principale;حي الشباب;ville;ولاية قفصة;معتمدية قفصة الجنوبية
8585 TU 202;2026-01-15T07:41:08.000Z;1282;IVC;27;451.36;8;4;36.407580;10.560797;151.13;138.88;ensoleillé;0;route_principale;منارة الحمامات;ville;ولاية نابل;معتمدية الحمامات
2155 TU 174;2026-01-15T07:39:35.000Z;240;NPR;16;443.1750831;8;4;35.771298;10.691790;36.78;40.15;nuageux;3;route_principale;صقانص;ville;ولاية المنستير;معتمدية المنستير
601 TU 240;2026-01-15T07:34:49.000Z;1216;IVC;25;430;8;4;35.508607;11.022000;159.70;141.90;nuageux;3;route_principale;الزهراء;ville;ولاية المهدية;معتمدية المهدية
8335 TU 215;2026-01-15T07:33:38.000Z;474;NPR;16;209.2803738;8;4;35.590702;10.742743;70.53;67.91;nuageux;3;route_principale;جمال الغربية;ville;ولاية المنستير;معتمدية جمّال
8333 TU 215;2026-01-15T07:09:42.000Z;253;NPR;16;233.3448819;8;4;36.876958;10.182840;42.32;42.10;nuageux;2;route_secondaire;الغزالة;ville;ولاية أريانة;معتمدية رواد
597 TU 240;2026-01-15T05:36:06.000Z;530;IVC;25;593.4;6;4;36.407498;10.560785;166.25;146.20;ensoleillé;0;route_principale;منارة الحمامات;ville;ولاية نابل;معتمدية الحمامات
7444 TU 203;2026-01-15T05:05:27.000Z;420;IVC;27;142.5;6;4;36.690827;10.508110;134.01;136.80;ensoleillé;0;route_secondaire;سليمان;ville;ولاية نابل;معتمدية سليمان
8936 TU 190;2026-01-15T04:49:12.000Z;553;IVC;27;297.85;5;4;36.407535;10.560812;178.85;181.30;ensoleillé;0;route_principale;منارة الحمامات;ville;ولاية نابل;معتمدية الحمامات
3278 TU 198;2026-01-15T04:07:02.000Z;333;NPR;16;534.4582245;5;4;35.567972;10.612630;67.00;69.02;nuageux;3;autoroute;الهدادرة;ville;ولاية المنستير;معتمدية جمّال
8331 TU 215;2026-01-15T03:58:37.000Z;173;NPR;16;237.7567164;4;4;35.568003;10.612155;39.29;39.86;peu nuageux;1;autoroute;الهدادرة;ville;ولاية المنستير;معتمدية جمّال
9610 TU 204;2026-01-15T03:34:00.000Z;1239;NPR;16;496.2962963;4;4;35.722267;10.752618;88.16;57.12;nuageux;2;route_secondaire;الساحلين الشرقية;ville;ولاية المنستير;معتمدية الساحلين
966 TU 216;2026-01-15T03:19:24.000Z;388;NPR;16;478.6538462;4;4;35.722282;10.752745;40.30;25.06;nuageux;2;route_secondaire;الساحلين الشرقية;ville;ولاية المنستير;معتمدية الساحلين
4924 TU 199;2026-01-14T17:25:26.000Z;645;SURG;15;182.3903369;18;3;34.671318;10.687028;75.57;67.90;ensoleillé;0;route_secondaire;سيدي عبيد;ville;ولاية صفاقس;معتمدية طينة
8012 TU 204;2026-01-14T15:47:27.000Z;420;NPR;16;219.1988347;16;3;36.527010;10.554842;63.48;63.32;ensoleillé;0;route_principale;بو عرقوب الشمالية;ville;ولاية نابل;معتمدية بو عرقوب
834 TU 181;2026-01-14T15:42:32.000Z;378;SURG;13;269.25;16;3;34.575245;10.582410;39.29;34.50;ensoleillé;0;route_principale;نَقطة;ville;ولاية صفاقس;معتمدية المحرس
8579 TU 232;2026-01-14T15:09:59.000Z;390;NPR;16;426.256605;16;3;36.473432;10.718885;69.02;66.85;ensoleillé;0;route_principale;النور;ville;ولاية نابل;معتمدية نابل
2486 TU 192;2026-01-14T15:08:35.000Z;339;NPR;16;439.8121212;16;3;36.523313;10.560473;50.38;50.11;ensoleillé;0;route_principale;بو عرقوب الجنوبية;ville;ولاية نابل;معتمدية بو عرقوب
6062 TU 197;2026-01-14T14:21:08.000Z;271;NPR;16;211.0556382;15;3;36.601692;10.497015;51.39;49.04;ensoleillé;0;inconnu;قرمبالية;ville;ولاية نابل;معتمدية قرمبالية
6311 TU 197;2026-01-14T11:40:13.000Z;758;IVC;26;227.94;12;3;36.641390;10.574502;223.17;220.08;ensoleillé;0;route_secondaire;زاوية الجديدي;ville;ولاية نابل;معتمدية بني خلاد
4601 TU 169;2026-01-14T10:59:34.000Z;802;NPR;16;249.5481728;11;3;35.790318;10.669725;70.53;71.80;ensoleillé;0;route_principale;قصيبة الشط;ville;ولاية سوسة;معتمدية سوسة سيدي عبد الحميد
8317 TU 215;2026-01-14T10:28:58.000Z;280;NPR;16;211.0556382;11;3;36.711727;10.180295;51.39;53.19;ensoleillé;0;route_principale;فوشانة;ville;ولاية بن عروس;معتمدية فوشانة
4593 TU 169;2026-01-14T10:07:10.000Z;431;;;88.81987578;11;3;36.395328;10.155185;65.49;23.57;ensoleillé;0;route_secondaire;زغوان الجنوبية;ville;ولاية زغوان;معتمدية زغوان
2156 TU 174;2026-01-14T09:46:32.000Z;356;NPR;16;123.6363636;10;3;36.711793;10.180223;60.96;59.64;ensoleillé;0;route_principale;فوشانة;ville;ولاية بن عروس;معتمدية فوشانة
9616 TU 204;2026-01-14T08:24:10.000Z;438;NPR;16;162.372549;9;3;37.143577;10.103100;65.49;61.56;ensoleillé;0;route_secondaire;عوسجة;ville;ولاية بنزرت;معتمدية غار الملح
1181 TU 202;2026-01-14T07:43:57.000Z;534;NPR;16;274.155194;8;3;37.264497;9.886565;85.64;80.29;ensoleillé;0;route_principale;جرزونة;ville;ولاية بنزرت;معتمدية جرزونة
4935 TU 199;2026-01-14T07:24:49.000Z;307;SURG;15;150.824;8;3;36.332323;9.139350;55.42;53.18;ensoleillé;0;route_principale;الكريب;ville;ولاية سليانة;معتمدية الكريب
6068 TU 197;2026-01-14T06:42:16.000Z;470;NPR;16;237.1026677;7;3;36.807317;10.137575;83.12;88.50;ensoleillé;0;inconnu;تونس;ville;ولاية تونس;inconnu
834 TU 181;2026-01-13T18:26:42.000Z;337;SURG;13;269.25;19;2;34.575330;10.582385;30.23;26.25;ensoleillé;0;route_secondaire;نَقطة;ville;ولاية صفاقس;معتمدية المحرس
5083 TU 175;2026-01-13T17:02:15.000Z;352;NPR;16;433.7054208;18;2;36.714068;10.167973;57.93;62.69;ensoleillé;0;route_secondaire;المغيرة;ville;ولاية بن عروس;معتمدية فوشانة
5501 TU 205;2026-01-13T16:23:04.000Z;516;SURG;14;174.5447606;17;2;36.580032;10.492598;70.53;68.74;ensoleillé;0;autoroute;تركي;ville;ولاية نابل;معتمدية قرمبالية
8567 TU 204;2026-01-13T15:36:01.000Z;345;NPR;16;189.6059078;16;2;35.508687;11.022112;50.38;45.97;ensoleillé;0;route_secondaire;هيبون;ville;ولاية المهدية;معتمدية المهدية
966 TU 216;2026-01-13T15:24:19.000Z;628;NPR;16;478.6538462;16;2;35.590722;10.742683;71.54;66.86;ensoleillé;0;route_principale;جمال الغربية;ville;ولاية المنستير;معتمدية جمّال
4924 TU 199;2026-01-13T15:06:45.000Z;340;SURG;15;182.3903369;16;2;34.862340;9.784520;51.89;42.59;ensoleillé;0;inconnu;الرقاب;ville;ولاية سيدي بوزيد;معتمدية الرقاب
9914 TU 215;2026-01-13T15:03:11.000Z;428;NPR;16;263.7600644;16;2;36.580055;10.492472;65.49;65.43;ensoleillé;0;autoroute;تركي;ville;ولاية نابل;معتمدية قرمبالية
3278 TU 198;2026-01-13T15:00:14.000Z;407;NPR;16;534.4582245;16;2;35.568143;10.612538;74.56;74.43;ensoleillé;0;autoroute;الهدادرة;ville;ولاية المنستير;معتمدية جمّال
2486 TU 192;2026-01-13T13:56:20.000Z;382;NPR;16;439.8121212;14;2;36.075820;10.403967;77.08;65.56;ensoleillé;0;autoroute;النفيضة;ville;ولاية سوسة;معتمدية النفيضة
4931 TU 199;2026-01-13T13:37:26.000Z;1032;SURG;15;94.93235294;14;2;35.590668;10.742707;75.57;68.59;ensoleillé;0;route_principale;جمال الغربية;ville;ولاية المنستير;معتمدية جمّال
8580 TU 232;2026-01-13T13:25:52.000Z;439;NPR;16;436.8998628;14;2;36.092087;9.371635;87.66;79.78;ensoleillé;0;route_secondaire;سليانة;ville;ولاية سليانة;معتمدية سليانة الشمالية
1229 TU 189;2026-01-13T12:46:40.000Z;555;NPR;16;313.8320611;13;2;36.578970;10.494413;80.60;80.18;ensoleillé;0;autoroute;تركي;ville;ولاية نابل;معتمدية قرمبالية
2771 TU 229;2026-01-13T12:03:45.000Z;361;NPR;16;177.3341788;13;2;36.876910;10.182907;65.48;66.67;ensoleillé;0;route_secondaire;الغزالة;ville;ولاية أريانة;معتمدية رواد
6684 TU 223;2026-01-13T12:03:01.000Z;487;NPR;16;187.211838;13;2;36.779990;10.196272;73.55;72.75;ensoleillé;0;route_principale;تونس;ville;ولاية تونس;inconnu
8335 TU 215;2026-01-13T11:41:14.000Z;899;NPR;16;209.2803738;12;2;35.686673;10.066298;50.38;48.35;ensoleillé;0;route_secondaire;الباطن;ville;ولاية القيروان;معتمدية القيروان الشمالية
834 TU 181;2026-01-13T11:36:24.000Z;608;SURG;13;269.25;12;2;33.470773;11.084907;57.93;59.25;ensoleillé;0;route_secondaire;حمادي بو تفاحة;ville;ولاية مدنين;معتمدية جرجيس
3841 TU 166;2026-01-13T11:24:57.000Z;532;SURG;13;103.02;12;2;35.626258;10.900537;65.49;66.30;ensoleillé;0;route_secondaire;مكنين;ville;ولاية المنستير;معتمدية المكنين
2816 TU 173;2026-01-13T11:10:14.000Z;271;NPR;16;206.156962;12;2;36.713480;10.167302;50.38;48.91;ensoleillé;0;route_secondaire;المغيرة;ville;ولاية بن عروس;معتمدية فوشانة
2775 TU 229;2026-01-13T10:15:57.000Z;928;NPR;16;211.24588;11;2;36.178413;8.703282;51.89;53.85;ensoleillé;0;route_principale;الكاف;ville;ولاية الكاف;معتمدية الكاف الشرقية
2150 TU 174;2026-01-13T09:58:58.000Z;414;NPR;16;100.2975207;10;2;36.580018;10.492635;52.90;52.89;ensoleillé;0;autoroute;تركي;ville;ولاية نابل;معتمدية قرمبالية
2222 TU 173;2026-01-13T09:38:08.000Z;297;NPR;16;255.557377;10;2;36.579930;10.492663;43.83;45.57;ensoleillé;0;autoroute;تركي;ville;ولاية نابل;معتمدية قرمبالية
8572 TU 232;2026-01-13T08:36:27.000Z;1492;NPR;16;372.5535248;9;2;34.856332;9.787045;88.16;86.49;ensoleillé;0;route_secondaire;الرقاب;ville;ولاية سيدي بوزيد;معتمدية الرقاب
8176 TU 236;2026-01-13T08:10:02.000Z;190;SURG;15;142.4242424;9;2;36.690838;10.508192;75.57;66.84;ensoleillé;0;route_secondaire;سليمان الجنوبية;ville;ولاية نابل;معتمدية سليمان
2155 TU 174;2026-01-13T07:59:17.000Z;283;NPR;16;443.1750831;8;2;35.771375;10.691790;44.84;49.23;ensoleillé;0;route_principale;صقانص;ville;ولاية المنستير;معتمدية المنستير
9616 TU 204;2026-01-13T07:37:48.000Z;236;NPR;16;162.372549;8;2;36.331157;9.140097;41.81;43.51;ensoleillé;0;inconnu;الكريب الجنوبية;ville;ولاية سليانة;معتمدية الكريب
4568 TU 169;2026-01-13T07:11:22.000Z;395;NPR;16;211.0556382;8;2;35.166467;8.842748;64.48;65.18;ensoleillé;0;inconnu;النور الغربي;ville;ولاية القصرين;معتمدية القصرين الشمالية
1181 TU 202;2026-01-13T05:44:59.000Z;415;NPR;16;274.155194;6;2;36.723463;10.171365;82.02;73.97;ensoleillé;0;route_secondaire;المغيرة;ville;ولاية بن عروس;معتمدية فوشانة
8572 TU 204;2026-01-13T05:23:54.000Z;337;NPR;16;211.0556382;6;2;35.567995;10.612223;52.90;18.71;ensoleillé;0;autoroute;الهدادرة;ville;ولاية المنستير;معتمدية جمّال
8012 TU 204;2026-01-13T05:07:22.000Z;490;NPR;16;219.1988347;6;2;36.407663;10.560738;76.57;74.79;ensoleillé;0;route_principale;منارة الحمامات;ville;ولاية نابل;معتمدية الحمامات
7903 TU 191;2026-01-13T04:40:28.000Z;705;IVC;27;46.93;5;2;36.601613;10.497047;201.51;195.13;ensoleillé;0;inconnu;قرمبالية;ville;ولاية نابل;معتمدية قرمبالية
4924 TU 199;2026-01-12T19:54:18.000Z;417;SURG;15;182.3903369;20;1;34.577418;9.841857;52.90;49.33;ensoleillé;0;route_secondaire;المزونة;ville;ولاية سيدي بوزيد;معتمدية المزونة
4963 TU 204;2026-01-12T19:28:12.000Z;472;TFR;10;59.93178233;20;1;36.579968;10.492597;25.19;30.62;ensoleillé;0;autoroute;تركي;ville;ولاية نابل;معتمدية قرمبالية
4965 TU 204;2026-01-12T18:43:08.000Z;392;TFR;9;361.4550409;19;1;36.713145;10.167290;42.82;18.56;ensoleillé;0;route_secondaire;المغيرة;ville;ولاية بن عروس;معتمدية فوشانة
6068 TU 197;2026-01-12T17:47:57.000Z;329;NPR;16;237.1026677;18;1;36.779978;10.196243;57.93;62.40;ensoleillé;0;route_principale;تونس;ville;ولاية تونس;inconnu
8579 TU 232;2026-01-12T14:01:38.000Z;278;NPR;16;426.256605;15;1;36.579983;10.492673;49.37;47.59;ensoleillé;0;autoroute;تركي;ville;ولاية نابل;معتمدية قرمبالية
6062 TU 197;2026-01-12T13:47:36.000Z;217;NPR;16;211.0556382;14;1;36.666603;10.448308;35.26;32.72;nuageux;3;route_principale;فندق الجديد;ville;ولاية نابل;معتمدية قرمبالية
5129 TU 203;2026-01-12T12:51:13.000Z;633;IVC;27;176;13;1;36.527130;10.554757;229.22;178.00;ensoleillé;0;route_principale;بو عرقوب الشمالية;ville;ولاية نابل;معتمدية بو عرقوب
2486 TU 192;2026-01-12T12:33:49.000Z;311;NPR;16;439.8121212;13;1;36.757300;10.223162;60.45;38.53;nuageux;2;inconnu;بن عروس;ville;ولاية بن عروس;معتمدية بن عروس
1059 TU 189;2026-01-12T11:42:46.000Z;971;NPR;16;188.9638554;12;1;35.771395;10.691690;73.05;72.43;ensoleillé;0;route_principale;صقانص;ville;ولاية المنستير;معتمدية المنستير
8317 TU 215;2026-01-12T11:11:24.000Z;335;NPR;16;211.0556382;12;1;36.711760;10.180318;50.38;50.35;nuageux;2;route_principale;فوشانة;ville;ولاية بن عروس;معتمدية فوشانة
9610 TU 204;2026-01-12T10:53:28.000Z;740;NPR;16;496.2962963;11;1;33.705350;8.966690;71.03;82.26;ensoleillé;0;inconnu;منصورة;ville;ولاية قبلي;معتمدية قبلي الشمالية
8567 TU 204;2026-01-12T10:47:04.000Z;310;NPR;16;189.6059078;11;1;33.879740;9.786255;60.45;59.50;ensoleillé;0;route_principale;الحبيب ثامر;ville;ولاية قابس;معتمدية الحامة
9616 TU 204;2026-01-12T10:43:05.000Z;470;NPR;16;162.372549;11;1;36.723562;10.230492;88.16;89.15;peu nuageux;1;inconnu;فرحات حشاد;ville;ولاية بن عروس;معتمدية المروج
4958 TU 204;2026-01-12T10:42:26.000Z;1875;TFR;9;171.5888307;11;1;35.837518;10.630588;50.38;67.82;ensoleillé;0;inconnu;سوسة;ville;ولاية سوسة;معتمدية سوسة المدينة
9664 TU 177;2026-01-12T10:39:39.000Z;523;NPR;16;211.0556382;11;1;36.711798;10.180330;75.57;76.31;ensoleillé;0;route_principale;فوشانة;ville;ولاية بن عروس;معتمدية فوشانة
5083 TU 175;2026-01-12T10:07:13.000Z;404;NPR;16;433.7054208;11;1;36.739137;10.136827;70.53;55.53;ensoleillé;0;route_principale;تونس;ville;ولاية تونس;معتمدية فوشانة
8331 TU 215;2026-01-12T10:06:07.000Z;871;NPR;16;237.7567164;11;1;35.771403;10.691612;65.49;62.72;ensoleillé;0;route_principale;صقانص;ville;ولاية المنستير;معتمدية المنستير
4924 TU 199;2026-01-12T10:01:00.000Z;505;SURG;15;182.3903369;11;1;34.414418;8.806710;55.42;51.24;ensoleillé;0;route_principale;قفصة الشرقية;ville;ولاية قفصة;معتمدية قفصة الجنوبية
9878 TU 188;2026-01-12T09:53:16.000Z;1014;IVC;26;160.65;10;1;36.579903;10.492463;251.89;229.50;ensoleillé;0;autoroute;تركي;ville;ولاية نابل;معتمدية قرمبالية
8572 TU 204;2026-01-12T09:38:22.000Z;373;NPR;16;211.0556382;10;1;34.974315;8.595277;72.04;26.27;ensoleillé;0;route_principale;تلابت;ville;ولاية القصرين;معتمدية فريانة
8169 TU 236;2026-01-12T09:12:55.000Z;444;;;328.0379747;10;1;36.711768;10.180298;68.01;69.62;peu nuageux;1;route_principale;فوشانة;ville;ولاية بن عروس;معتمدية فوشانة
4568 TU 169;2026-01-12T08:48:33.000Z;407;NPR;16;211.0556382;9;1;34.739415;10.528870;72.54;75.54;nuageux;2;route_secondaire;عقارب;ville;ولاية صفاقس;معتمدية عقارب
9916 TU 215;2026-01-12T08:06:47.000Z;341;NPR;16;104.6408451;9;1;36.711670;10.180275;61.96;60.59;nuageux;2;route_principale;فوشانة;ville;ولاية بن عروس;معتمدية فوشانة
4579 TU 169;2026-01-12T07:50:45.000Z;410;NPR;16;96.56185567;8;1;35.771435;10.691377;78.09;79.07;ensoleillé;0;route_principale;صقانص;ville;ولاية المنستير;معتمدية المنستير
7024 TU 189;2026-01-12T07:32:26.000Z;784;NPR;16;153.7285442;8;1;35.771360;10.691678;70.53;67.55;ensoleillé;0;route_principale;صقانص;ville;ولاية المنستير;معتمدية المنستير
4965 TU 204;2026-01-12T07:07:14.000Z;392;TFR;9;361.4550409;8;1;36.695568;10.176925;42.82;32.68;nuageux;3;route_secondaire;فوشانة;ville;ولاية بن عروس;معتمدية فوشانة
4601 TU 169;2026-01-12T06:45:52.000Z;564;NPR;16;249.5481728;7;1;35.596408;9.858060;75.57;78.65;nuageux;3;route_principale;الشبيكة;ville;ولاية القيروان;معتمدية الشبيكة
2222 TU 173;2026-01-12T05:37:25.000Z;138;NPR;16;255.557377;6;1;36.796453;10.141460;22.17;24.18;nuageux;2;route_secondaire;تونس;ville;ولاية تونس;inconnu
8567 TU 204;2026-01-12T04:09:52.000Z;390;NPR;16;189.6059078;5;1;35.568027;10.612450;75.57;76.05;ensoleillé;0;autoroute;الهدادرة;ville;ولاية المنستير;معتمدية جمّال
9610 TU 204;2026-01-12T03:17:27.000Z;740;NPR;16;496.2962963;4;1;35.733567;10.734512;71.03;51.55;ensoleillé;0;route_principale;الساحلين الشرقية;ville;ولاية المنستير;معتمدية الساحلين
601 TU 240;2026-01-11T18:51:39.000Z;791;IVC;25;430;19;0;35.722352;10.752687;103.27;163.40;peu nuageux;1;route_secondaire;الساحلين الشرقية;ville;ولاية المنستير;معتمدية الساحلين
8176 TU 236;2026-01-11T17:22:10.000Z;708;SURG;15;142.4242424;18;0;36.728498;9.201783;25.19;21.83;peu nuageux;1;route_principale;سيدي فرج;ville;ولاية باجة;معتمدية باجة الجنوبية
7034 TU 189;2026-01-11T17:00:42.000Z;467;NPR;16;211.0556382;18;0;36.408140;10.561912;73.05;71.70;ensoleillé;0;inconnu;منارة الحمامات;ville;ولاية نابل;معتمدية الحمامات
8580 TU 232;2026-01-11T15:33:03.010Z;281;NPR;16;436.8998628;16;0;36.579828;10.492600;46.85;47.59;ensoleillé;0;autoroute;تركي;ville;ولاية نابل;معتمدية قرمبالية
2150 TU 174;2026-01-11T15:24:00.000Z;429;NPR;16;100.2975207;16;0;36.579973;10.492588;64.65;66.05;ensoleillé;0;autoroute;تركي;ville;ولاية نابل;معتمدية قرمبالية
2222 TU 173;2026-01-11T14:34:53.000Z;179;NPR;16;255.557377;15;0;36.579932;10.492492;32.75;33.44;ensoleillé;0;autoroute;تركي;ville;ولاية نابل;معتمدية قرمبالية
2816 TU 173;2026-01-11T13:45:32.000Z;480;NPR;16;206.156962;14;0;36.579910;10.492647;75.57;69.25;ensoleillé;0;autoroute;تركي;ville;ولاية نابل;معتمدية قرمبالية
5083 TU 175;2026-01-11T13:14:55.000Z;311;NPR;16;433.7054208;14;0;36.711637;10.180310;50.38;16.59;ensoleillé;0;route_principale;فوشانة;ville;ولاية بن عروس;معتمدية فوشانة
8012 TU 204;2026-01-11T12:44:59.000Z;427;NPR;16;219.1988347;13;0;36.445372;9.253972;71.54;69.16;pluie;51;route_secondaire;تبرسق;ville;ولاية باجة;معتمدية تبرسق
4568 TU 169;2026-01-11T12:06:14.000Z;497;NPR;16;211.0556382;13;0;34.883782;10.726012;80.60;40.51;nuageux;2;route_principale;سيدي صالح;ville;ولاية صفاقس;معتمدية ساقية الزيت
2374 TU 173;2026-01-11T11:33:08.000Z;427;NPR;16;72.05725191;12;0;36.332338;9.139255;70.53;69.60;pluie;51;route_principale;الكريب;ville;ولاية سليانة;معتمدية الكريب
2771 TU 229;2026-01-11T11:30:48.000Z;341;NPR;16;177.3341788;12;0;36.801933;10.111122;67.00;69.05;ensoleillé;0;route_principale;الدندان الجنوبية;ville;ولاية منوبة;معتمدية منوبة
6306 TU 197;2026-01-11T11:28:01.000Z;848;IVC;26;365.79;12;0;36.580037;10.492688;258.94;248.31;ensoleillé;0;autoroute;تركي;ville;ولاية نابل;معتمدية قرمبالية
2486 TU 192;2026-01-11T11:21:09.000Z;437;NPR;16;439.8121212;12;0;36.596430;10.116300;71.03;58.80;ensoleillé;0;route_principale;سيدي فرج;ville;ولاية بن عروس;معتمدية المحمدية
9914 TU 215;2026-01-11T11:15:52.000Z;430;NPR;16;263.7600644;12;0;36.683870;10.579803;70.53;69.46;ensoleillé;0;route_secondaire;منزل بوزلفة;ville;ولاية نابل;معتمدية منزل بوزلفة
6062 TU 197;2026-01-11T10:52:31.000Z;196;NPR;16;211.0556382;11;0;36.473393;10.718985;30.23;29.98;ensoleillé;0;route_principale;النور;ville;ولاية نابل;معتمدية نابل
2156 TU 174;2026-01-11T09:43:06.000Z;408;NPR;16;123.6363636;10;0;36.831032;10.200577;56.93;54.28;peu nuageux;1;autoroute;تونس;ville;ولاية تونس;inconnu
8572 TU 204;2026-01-11T09:06:04.000Z;426;NPR;16;211.0556382;10;0;35.257128;10.652445;74.56;28.84;peu nuageux;1;autoroute;العيثة;ville;ولاية المهدية;معتمدية الجم
2486 TU 192;2026-01-11T08:37:10.000Z;437;NPR;16;439.8121212;9;0;36.711702;10.180275;71.03;10.32;peu nuageux;1;route_principale;فوشانة;ville;ولاية بن عروس;معتمدية فوشانة
8579 TU 232;2026-01-11T08:36:34.000Z;392;NPR;16;426.256605;9;0;36.579967;10.492650;75.06;72.38;ensoleillé;0;autoroute;تركي;ville;ولاية نابل;معتمدية قرمبالية
6688 TU 223;2026-01-11T08:31:43.000Z;448;NPR;16;155.2979592;9;0;36.849093;10.265750;70.53;66.02;ensoleillé;0;route_principale;تونس;ville;ولاية تونس;inconnu
6068 TU 197;2026-01-11T08:29:32.000Z;428;NPR;16;237.1026677;9;0;36.711817;10.180338;70.53;76.75;peu nuageux;1;route_principale;فوشانة;ville;ولاية بن عروس;معتمدية فوشانة
8169 TU 236;2026-01-11T08:27:47.000Z;317;;;328.0379747;9;0;36.332358;9.139235;55.42;54.56;pluie;51;route_principale;الكريب;ville;ولاية سليانة;معتمدية الكريب
4935 TU 199;2026-01-11T08:04:28.000Z;575;SURG;15;150.824;9;0;36.747632;10.221263;82.12;80.58;peu nuageux;1;route_secondaire;بن عروس الغربية;ville;ولاية بن عروس;معتمدية بن عروس
6684 TU 223;2026-01-11T07:37:03.000Z;401;NPR;16;187.211838;8;0;36.728405;9.201795;75.57;67.79;peu nuageux;1;route_principale;سيدي فرج;ville;ولاية باجة;معتمدية باجة الجنوبية
2222 TU 173;2026-01-11T06:50:38.000Z;200;NPR;16;255.557377;7;0;36.831080;10.200397;31.74;33.37;nuageux;2;autoroute;تونس;ville;ولاية تونس;inconnu
601 TU 240;2026-01-11T06:28:10.000Z;791;IVC;25;430;7;0;35.031263;9.463652;103.27;94.60;ensoleillé;0;route_secondaire;الطويلة;ville;ولاية سيدي بوزيد;معتمدية سيدي بوزيد الغربية
4593 TU 169;2026-01-11T06:09:42.000Z;540;;;88.81987578;7;0;36.725745;10.169427;86.15;29.86;nuageux;3;route_principale;المغيرة;ville;ولاية بن عروس;معتمدية فوشانة
4965 TU 204;2026-01-11T06:09:17.000Z;394;TFR;9;361.4550409;7;0;36.673367;10.155578;44.84;34.72;nuageux;3;inconnu;حي النسيم;ville;ولاية بن عروس;معتمدية المحمدية
7558 TU 198;2026-01-11T05:18:01.000Z;343;NPR;16;211.0556382;6;0;36.522967;10.560515;54.41;17.40;pluie;51;route_principale;بو عرقوب الجنوبية;ville;ولاية نابل;معتمدية بو عرقوب
6062 TU 197;2026-01-10T17:21:53.000Z;282;NPR;16;211.0556382;18;6;36.425740;10.669447;47.86;46.83;peu nuageux;1;route_principale;المرازقة;ville;ولاية نابل;معتمدية الحمامات
8012 TU 204;2026-01-10T17:09:08.000Z;317;NPR;16;219.1988347;18;6;36.641382;10.574432;52.90;53.49;ensoleillé;0;route_secondaire;زاوية الجديدي;ville;ولاية نابل;معتمدية بني خلاد
5083 TU 175;2026-01-10T16:44:10.000Z;467;NPR;16;433.7054208;17;6;36.956507;10.222277;80.60;12.13;peu nuageux;1;route_secondaire;رواد;ville;ولاية أريانة;معتمدية رواد
4568 TU 169;2026-01-10T16:27:11.000Z;487;NPR;16;211.0556382;17;6;35.843228;10.588920;71.03;36.09;ensoleillé;0;route_secondaire;سوسة;ville;ولاية سوسة;معتمدية حمام سوسة
8580 TU 232;2026-01-10T16:21:01.000Z;420;NPR;16;436.8998628;17;6;36.425698;10.669448;65.49;65.40;pluie;53;route_principale;المرازقة;ville;ولاية نابل;معتمدية الحمامات
4965 TU 204;2026-01-10T15:20:53.000Z;273;TFR;9;361.4550409;16;6;36.715978;10.273253;30.23;12.47;ensoleillé;0;route_principale;شالة;ville;ولاية بن عروس;معتمدية بومهل البساتين
8567 TU 204;2026-01-10T13:03:25.000Z;963;NPR;16;189.6059078;14;6;35.659080;10.088940;83.12;82.14;peu nuageux;1;inconnu;المنصورة الجنوبية;ville;ولاية القيروان;معتمدية القيروان الجنوبية
9616 TU 204;2026-01-10T12:26:58.000Z;288;NPR;16;162.372549;13;6;36.706207;10.174673;50.38;51.47;pluie;51;route_principale;فوشانة;ville;ولاية بن عروس;معتمدية فوشانة
4597 TU 169;2026-01-10T12:08:22.000Z;993;NPR;16;211.0556382;13;6;35.720147;10.753147;80.60;83.05;peu nuageux;1;route_secondaire;الساحلين الشرقية;ville;ولاية المنستير;معتمدية الساحلين
2767 TU 229;2026-01-10T11:52:26.000Z;511;NPR;16;164.6322055;12;6;36.830882;10.200627;76.07;73.38;pluie;51;autoroute;تونس;ville;ولاية تونس;inconnu
2150 TU 174;2026-01-10T11:41:20.000Z;559;NPR;16;100.2975207;12;6;36.580013;10.492723;78.59;77.55;pluie;51;autoroute;تركي;ville;ولاية نابل;معتمدية قرمبالية
2714 TU 210;2026-01-10T10:30:29.000Z;397;NPR;16;275.0704225;11;6;35.771273;10.691532;62.64;67.32;ensoleillé;0;route_principale;صقانص;ville;ولاية المنستير;معتمدية المنستير
1229 TU 189;2026-01-10T10:30:10.000Z;287;NPR;16;313.8320611;11;6;35.532858;10.916052;60.45;59.50;peu nuageux;1;route_secondaire;سيدي بنور;ville;ولاية المنستير;معتمدية المكنين
2374 TU 173;2026-01-10T09:56:59.000Z;591;NPR;16;72.05725191;10;6;36.715207;10.183032;85.64;85.01;pluie;51;route_principale;فوشانة;ville;ولاية بن عروس;معتمدية فوشانة
2222 TU 173;2026-01-10T09:55:58.000Z;208;NPR;16;255.557377;10;6;36.579967;10.492550;32.75;33.51;pluie;51;autoroute;تركي;ville;ولاية نابل;معتمدية قرمبالية
966 TU 216;2026-01-10T09:43:25.000Z;581;NPR;16;478.6538462;10;6;34.860900;9.795598;51.89;51.15;ensoleillé;0;route_secondaire;الرقاب;ville;ولاية سيدي بوزيد;معتمدية الرقاب
6311 TU 197;2026-01-10T09:14:01.000Z;787;IVC;26;227.94;10;6;36.579873;10.492512;221.41;217.46;pluie;51;autoroute;تركي;ville;ولاية نابل;معتمدية قرمبالية
8579 TU 232;2026-01-10T09:08:09.000Z;485;NPR;16;426.256605;10;6;36.092023;9.371682;80.60;66.85;peu nuageux;1;route_secondaire;سليانة;ville;ولاية سليانة;معتمدية سليانة الشمالية
9134 TU 135;2026-01-10T08:55:08.000Z;1000;NKR;15;178.9682136;9;6;37.244278;9.760105;47.36;47.48;nuageux;3;route_principale;سيدي أحمد;ville;ولاية بنزرت;معتمدية بنزرت الجنوبية
8572 TU 204;2026-01-10T08:51:36.000Z;368;NPR;16;211.0556382;9;6;35.664552;10.103248;64.99;25.34;ensoleillé;0;route_principale;القيروان;ville;ولاية القيروان;معتمدية القيروان الجنوبية
4568 TU 169;2026-01-10T08:39:13.000Z;487;NPR;16;211.0556382;9;6;35.721563;10.754632;71.03;64.05;peu nuageux;1;route_secondaire;الساحلين الشرقية;ville;ولاية المنستير;معتمدية الساحلين
2816 TU 173;2026-01-10T08:28:22.000Z;507;NPR;16;206.156962;9;6;36.836210;9.941412;75.57;69.57;pluie;51;inconnu;الجديدة;ville;ولاية منوبة;معتمدية الجديدة
4965 TU 204;2026-01-10T07:59:34.000Z;273;TFR;9;361.4550409;8;6;36.580005;10.492380;30.23;20.75;nuageux;3;autoroute;تركي;ville;ولاية نابل;معتمدية قرمبالية
8317 TU 215;2026-01-10T07:44:08.000Z;333;NPR;16;211.0556382;8;6;37.264258;9.886520;55.42;57.65;pluie;51;inconnu;جرزونة;ville;ولاية بنزرت;معتمدية جرزونة
2155 TU 174;2026-01-10T07:18:33.000Z;232;NPR;16;443.1750831;8;6;35.693113;10.838330;41.31;46.20;ensoleillé;0;route_secondaire;قصيبة المديوني;ville;ولاية المنستير;معتمدية قصيبة المديوني
2486 TU 192;2026-01-10T06:37:49.000Z;293;NPR;16;439.8121212;7;6;35.944387;10.510593;55.42;43.58;nuageux;2;autoroute;سيدي بو علي;ville;ولاية سوسة;معتمدية سيدي بو علي
2769 TU 229;2026-01-10T06:16:35.000Z;394;NPR;16;184.027972;7;6;36.777650;10.094728;81.61;75.87;pluie;51;route_principale;تونس;ville;ولاية تونس;inconnu
2770 TU 229;2026-01-10T06:15:24.000Z;111;NPR;16;327.2623302;7;6;36.782292;10.119755;30.73;30.30;pluie;51;route_secondaire;تونس;ville;ولاية تونس;inconnu
9914 TU 215;2026-01-10T06:08:57.000Z;434;NPR;16;263.7600644;7;6;36.407532;10.560785;66.50;62.66;peu nuageux;1;route_principale;منارة الحمامات;ville;ولاية نابل;معتمدية الحمامات
6068 TU 197;2026-01-10T05:38:23.000Z;257;NPR;16;237.1026677;6;6;36.777623;10.094658;45.34;50.13;nuageux;2;route_principale;تونس;ville;ولاية تونس;inconnu
8567 TU 204;2026-01-10T04:18:24.000Z;963;NPR;16;189.6059078;5;6;35.722348;10.752565;83.12;56.36;ensoleillé;0;route_secondaire;الساحلين الشرقية;ville;ولاية المنستير;معتمدية الساحلين